<?xml version="1.0" encoding="UTF-8"?>
<rss version="2.0" xmlns:ror="http://rorweb.com/0.1/" >
<channel>
  <title>ROR Sitemap for http://www.stevbros.com/</title>
  <link>http://www.stevbros.com/</link>

<item>
     <link>http://www.stevbros.com/</link>
     <title>Project Management Training, Study in Singapore-USA</title>
     <description>Project Management Training, Study in Singapore-USA</description>
     <ror:updatePeriod></ror:updatePeriod>
     <ror:sortOrder>0</ror:sortOrder>
     <ror:resourceOf>sitemap</ror:resourceOf>
</item>
<item>
     <link>http://www.stevbros.com/about-us/about-us.html</link>
     <title>About us </title>
     <description>Stevbros is the Registered Education Provider ID 3807 of Project Management Institute USA. Stevbros designs, customizes and delivers project management in-house training courses for enterprises in Asia in various industries: IT, software, constructions, oil and gas, services, manufacturing, government projects, ADB/ WorldBank/ ODA projects.</description>
     <ror:updatePeriod></ror:updatePeriod>
     <ror:sortOrder>1</ror:sortOrder>
     <ror:resourceOf>sitemap</ror:resourceOf>
</item>
<item>
     <link>http://www.stevbros.com/blog/</link>
     <title>Blog</title>
     <description>Blog</description>
     <ror:updatePeriod></ror:updatePeriod>
     <ror:sortOrder>1</ror:sortOrder>
     <ror:resourceOf>sitemap</ror:resourceOf>
</item>
<item>
     <link>http://www.stevbros.com/project-management-training/</link>
     <title>Project Management Training</title>
     <description>Project Management Training, PMP® Exam Prep 35 PDUs lowest price, 60 PDUs Renew PMP® Certificate after every 3 years lowest price</description>
     <ror:updatePeriod></ror:updatePeriod>
     <ror:sortOrder>1</ror:sortOrder>
     <ror:resourceOf>sitemap</ror:resourceOf>
</item>
<item>
     <link>http://www.stevbros.com/study-in-singapore/35-contact-hours-vs-35-pdus-which-one-is-the-best-choice-for-pmp-exam-prep.html</link>
     <title>35 contact hours vs. 35 PDUs, which one is the best choice for PMP® Exam Prep</title>
     <description>Contact hour is training hour, which can be earned from any training course related project management. PDU standing for Professional Development Unit is one kind of contact hour and PDU is pre-approved contact hour while other kinds of contact hour can be selected for audit by PMI.</description>
     <ror:updatePeriod></ror:updatePeriod>
     <ror:sortOrder>1</ror:sortOrder>
     <ror:resourceOf>sitemap</ror:resourceOf>
</item>
<item>
     <link>http://www.stevbros.com/competence-assessment/</link>
     <title>Competence Assessment</title>
     <description>Project Management Competence Management</description>
     <ror:updatePeriod></ror:updatePeriod>
     <ror:sortOrder>1</ror:sortOrder>
     <ror:resourceOf>sitemap</ror:resourceOf>
</item>
<item>
     <link>http://www.stevbros.com/contact/</link>
     <title>Contact</title>
     <description>Contact</description>
     <ror:updatePeriod></ror:updatePeriod>
     <ror:sortOrder>1</ror:sortOrder>
     <ror:resourceOf>sitemap</ror:resourceOf>
</item>
<item>
     <link>http://www.stevbros.com/courses-and-certificates/</link>
     <title>In-house Training Courses and Certificates</title>
     <description>Courses and Certificates</description>
     <ror:updatePeriod></ror:updatePeriod>
     <ror:sortOrder>1</ror:sortOrder>
     <ror:resourceOf>sitemap</ror:resourceOf>
</item>
<item>
     <link>http://www.stevbros.com/competency-assessment/project-management-competency-assessment.html</link>
     <title>Project Management Competency Assessment</title>
     <description>Stevbros provides a project management competency assessment framework for determining, measuring, and supporting the improvement of an individuals’ performance through a quiz and a survey to evaluate project management competencies.</description>
     <ror:updatePeriod></ror:updatePeriod>
     <ror:sortOrder>1</ror:sortOrder>
     <ror:resourceOf>sitemap</ror:resourceOf>
</item>
<item>
     <link>http://www.stevbros.com/online-courses-online-pdus/online-courses-online-pdus.html</link>
     <title>Online Courses, Online PDUs</title>
     <description>Stevbros’ Online Training System provides PMP® Exam Preparation 35 PDUs course, PMP® Exam Mock Tests course, and Renew PMP® Certificate 60 PDUs course globally with most competitive price. As a PMI Registered Education Provider (R.E.P.), Stevbros has agreed to abide by PMI® established quality assurance criteria.</description>
     <ror:updatePeriod></ror:updatePeriod>
     <ror:sortOrder>1</ror:sortOrder>
     <ror:resourceOf>sitemap</ror:resourceOf>
</item>
<item>
     <link>http://www.stevbros.com/study-in-singapore-usa/study-in-singapore-usa.html</link>
     <title>Study in Singapore - USA</title>
     <description>Our goal at Stevbros is to provide effective solutions designed to help our clients choose right field of study, right school, shorten their study, shorten their stay and save their budget while at the same time keeping high satisfaction in study quality, 100% guarantee for internationally recognized degree and big success.</description>
     <ror:updatePeriod></ror:updatePeriod>
     <ror:sortOrder>1</ror:sortOrder>
     <ror:resourceOf>sitemap</ror:resourceOf>
</item>
<item>
     <link>http://www.stevbros.com/online-course-online-pdus</link>
     <title></title>
     
     <ror:updatePeriod></ror:updatePeriod>
     <ror:sortOrder>1</ror:sortOrder>
     <ror:resourceOf>sitemap</ror:resourceOf>
</item>
<item>
     <link>http://www.stevbros.com/courses-and-certificates/emotional-intelligence-for-project-managers-course.html</link>
     <title>Emotional Intelligence for Project Managers Course</title>
     <description>Duration: 2 days. Who should attend: Project Managers, Team Leads, Program Managers, PMO Staff, Technical Leads, QA Leads, QC Leads, BA Leads.</description>
     <ror:updatePeriod></ror:updatePeriod>
     <ror:sortOrder>1</ror:sortOrder>
     <ror:resourceOf>sitemap</ror:resourceOf>
</item>
<item>
     <link>http://www.stevbros.com/courses-and-certificates/effective-project-management-skills-course.html</link>
     <title>Effective Project Management Skills Course</title>
     <description>Duration: 3 days. Who should attend: project managers, project coordinators, project assistants or subject matter experts on project teams.</description>
     <ror:updatePeriod></ror:updatePeriod>
     <ror:sortOrder>1</ror:sortOrder>
     <ror:resourceOf>sitemap</ror:resourceOf>
</item>
<item>
     <link>http://www.stevbros.com/courses-and-certificates/accelerated-pmp-exam-prep-course.html</link>
     <title>Accelerated PMP® Exam Prep  Course</title>
     <description>Duration: 2 days. Who should attend: For anyone planning to take PMP exam. This directed study course is designed to prepare you for the PMP exam in effective manner with a minimum amount of studying after class!</description>
     <ror:updatePeriod></ror:updatePeriod>
     <ror:sortOrder>1</ror:sortOrder>
     <ror:resourceOf>sitemap</ror:resourceOf>
</item>
<item>
     <link>http://www.stevbros.com/courses-and-certificates/pmbok-pmp-exam-prep-course.html</link>
     <title>PMBOK &amp; PMP® Exam Prep Course</title>
     <description>Duration: 5 days. Who should attend: Project Managers, Team Leads, Program Managers, PMO Staff, Technical Leads, QA Leads, QC Leads, BA Leads.</description>
     <ror:updatePeriod></ror:updatePeriod>
     <ror:sortOrder>1</ror:sortOrder>
     <ror:resourceOf>sitemap</ror:resourceOf>
</item>
<item>
     <link>http://www.stevbros.com/project-management-training/pmp-exam-prep-35-pdus-lowest-price.html</link>
     <title>PMP® Exam Prep 35 PDUs lowest price</title>
     <description>Are you looking for an online training course to solidify your project management skills and knowledge? Are you looking for an online PMP® exam preparation course? Are you looking for PMP® exam preparation quizzes to identify gaps in your knowledge that may hurt you on the exam? Are you looking for a certificate of 35 PDUs to apply for PMP® exam?</description>
     <ror:updatePeriod></ror:updatePeriod>
     <ror:sortOrder>1</ror:sortOrder>
     <ror:resourceOf>sitemap</ror:resourceOf>
</item>
<item>
     <link>http://www.stevbros.com/project-management-training/pmp-mock-tests-simulating-the-real-pmp-exam.html</link>
     <title>PMP® Mock Tests simulating the real PMP® exam</title>
     <description>You obtained certificate of 35 PDUs. You deeply understood project management knowledge according to PMBOK 5th edition of Project Management Institute. You are ready for PMP® exam. You need some mock tests to gain more confidence before attending your real PMP® exam.  </description>
     <ror:updatePeriod></ror:updatePeriod>
     <ror:sortOrder>1</ror:sortOrder>
     <ror:resourceOf>sitemap</ror:resourceOf>
</item>
<item>
     <link>http://www.stevbros.com/project-management-training/60-pdus-renew-pmp-certificate-after-every-3-years-lowest-price.html</link>
     <title>60 PDUs Renew PMP® Certificate after every 3 years lowest price </title>
     <description>Is your PMP® certificate going to expired? Are you looking for a certificate of 60 PDUs from a Registered Education Provider (R.E.P) of Project Management Institute (PMI) to renew your PMP® certificate? Do you need the lasted update of PMBOK 5th edition because you obtain PMP® certificate with PMBOK 4th edition? Do you need the lasted update of researches sponsored by PMI?</description>
     <ror:updatePeriod></ror:updatePeriod>
     <ror:sortOrder>1</ror:sortOrder>
     <ror:resourceOf>sitemap</ror:resourceOf>
</item>
<item>
     <link>http://www.stevbros.com/public-course-schedule/public-course-schedule.html</link>
     <title>Public course schedule</title>
     <description>Who should attend: For anyone planning to take PMP exam. This directed study course is designed to prepare you for the PMP exam in effective manner with a minimum amount of studying after class</description>
     <ror:updatePeriod></ror:updatePeriod>
     <ror:sortOrder>1</ror:sortOrder>
     <ror:resourceOf>sitemap</ror:resourceOf>
</item>
<item>
     <link>http://www.stevbros.com/payment/</link>
     <title>Payment</title>
     <description>Payment</description>
     <ror:updatePeriod></ror:updatePeriod>
     <ror:sortOrder>1</ror:sortOrder>
     <ror:resourceOf>sitemap</ror:resourceOf>
</item>
<item>
     <link>http://www.stevbros.com/project-management-training/the-easiest-way-to-earn-60-pdus-for-pmp-renewal-with-lowest-price.html</link>
     <title>The easiest way to earn 60 PDUs for PMP® renewal with lowest price </title>
     <description>to keep your PMP® in good standing, you must earn 60 PDUs every 3-year cycle, claim your 60 PDUs into PMI’s CCRS (stand for Project Management Institute’s Continuing  Certification Requirements System), and then PMI will give approval to extend you PMP® cycle 3 more years</description>
     <ror:updatePeriod></ror:updatePeriod>
     <ror:sortOrder>1</ror:sortOrder>
     <ror:resourceOf>sitemap</ror:resourceOf>
</item>
<item>
     <link>http://www.stevbros.com/www.youtube.com/embed/iSkm2Prr2WE?rel=0</link>
     <title></title>
     
     <ror:updatePeriod></ror:updatePeriod>
     <ror:sortOrder>2</ror:sortOrder>
     <ror:resourceOf>sitemap</ror:resourceOf>
</item>
<item>
     <link>http://www.stevbros.com/project-management-training/emotional-intelligence-for-project-managers.html</link>
     <title>Emotional Intelligence for Project Managers</title>
     <description>Project management is getting work done through people. To effectively lead a large team, build a strong relationship with project stakeholders, and archive the goals of the projects successfully, project managers need to learn, develop and apply Emotional Intelligence. It helps them recognize and regulate emotions in themselves and in others.</description>
     <ror:updatePeriod></ror:updatePeriod>
     <ror:sortOrder>2</ror:sortOrder>
     <ror:resourceOf>sitemap</ror:resourceOf>
</item>
<item>
     <link>http://www.stevbros.com/project-management-training/the-concept-of-emotional-intelligence-for-project-management.html</link>
     <title>The concept of Emotional Intelligence for project management</title>
     <description>We analyze Emotional Intelligence frameworks of Goleman and Mersino to understand the concept of Emotional Intelligence for project management and how Mersino adapted Goleman’s framework to project management </description>
     <ror:updatePeriod></ror:updatePeriod>
     <ror:sortOrder>2</ror:sortOrder>
     <ror:resourceOf>sitemap</ror:resourceOf>
</item>
<item>
     <link>http://www.stevbros.com/blog/1/</link>
     <title>Blog</title>
     <description>Blog</description>
     <ror:updatePeriod></ror:updatePeriod>
     <ror:sortOrder>2</ror:sortOrder>
     <ror:resourceOf>sitemap</ror:resourceOf>
</item>
<item>
     <link>http://www.stevbros.com/blog/2/</link>
     <title>Blog</title>
     <description>Blog</description>
     <ror:updatePeriod></ror:updatePeriod>
     <ror:sortOrder>2</ror:sortOrder>
     <ror:resourceOf>sitemap</ror:resourceOf>
</item>
<item>
     <link>http://www.stevbros.com/project-management-training/the-competencies-of-project-managers-according-to-the-pmbok-guide.html</link>
     <title>The competencies of project managers according to the PMBOK Guide</title>
     <description>The competencies of project managers are described in ten knowledge areas and can be categorized into two groups: hard skills and interpersonal skills (also called soft skills).</description>
     <ror:updatePeriod></ror:updatePeriod>
     <ror:sortOrder>2</ror:sortOrder>
     <ror:resourceOf>sitemap</ror:resourceOf>
</item>
<item>
     <link>http://www.stevbros.com/project-management-training/1/</link>
     <title>Project Management Training</title>
     <description>Project Management Training, PMP® Exam Prep 35 PDUs lowest price, 60 PDUs Renew PMP® Certificate after every 3 years lowest price</description>
     <ror:updatePeriod></ror:updatePeriod>
     <ror:sortOrder>2</ror:sortOrder>
     <ror:resourceOf>sitemap</ror:resourceOf>
</item>
<item>
     <link>http://www.stevbros.com/project-management-training/2/</link>
     <title>Project Management Training</title>
     <description>Project Management Training, PMP® Exam Prep 35 PDUs lowest price, 60 PDUs Renew PMP® Certificate after every 3 years lowest price</description>
     <ror:updatePeriod></ror:updatePeriod>
     <ror:sortOrder>2</ror:sortOrder>
     <ror:resourceOf>sitemap</ror:resourceOf>
</item>
<item>
     <link>http://www.stevbros.com/payment/pmp-exam-prep-35-pdus-lowest-price.html</link>
     <title>PMP® Exam Prep 35 PDUs lowest price (3-month account)</title>
     <description>PMP® Exam Prep 35 PDUs lowest price (3-month account)</description>
     <ror:updatePeriod></ror:updatePeriod>
     <ror:sortOrder>2</ror:sortOrder>
     <ror:resourceOf>sitemap</ror:resourceOf>
</item>
<item>
     <link>http://www.stevbros.com/popular-in-house-courses/emotional-intelligence-for-project-managers-course.html</link>
     <title>Emotional Intelligence for Project Managers Course</title>
     <description>Duration: 2 days. Who should attend: Project Managers, Team Leads, Program Managers, PMO Staff, Technical Leads, QA Leads, QC Leads, BA Leads.</description>
     <ror:updatePeriod></ror:updatePeriod>
     <ror:sortOrder>2</ror:sortOrder>
     <ror:resourceOf>sitemap</ror:resourceOf>
</item>
<item>
     <link>http://www.stevbros.com/popular-in-house-courses/effective-project-management-skills-course.html</link>
     <title>Effective Project Management Skills Course</title>
     <description>Duration: 3 days. Who should attend: project managers, project coordinators, project assistants or subject matter experts on project teams.</description>
     <ror:updatePeriod></ror:updatePeriod>
     <ror:sortOrder>2</ror:sortOrder>
     <ror:resourceOf>sitemap</ror:resourceOf>
</item>
<item>
     <link>http://www.stevbros.com/popular-in-house-courses/accelerated-pmp-exam-prep-course.html</link>
     <title>Accelerated PMP® Exam Prep  Course</title>
     <description>Duration: 2 days. Who should attend: For anyone planning to take PMP exam. This directed study course is designed to prepare you for the PMP exam in effective manner with a minimum amount of studying after class!</description>
     <ror:updatePeriod></ror:updatePeriod>
     <ror:sortOrder>2</ror:sortOrder>
     <ror:resourceOf>sitemap</ror:resourceOf>
</item>
<item>
     <link>http://www.stevbros.com/popular-in-house-courses/pmbok-pmp-exam-prep-course.html</link>
     <title>PMBOK &amp; PMP® Exam Prep Course</title>
     <description>Duration: 5 days. Who should attend: Project Managers, Team Leads, Program Managers, PMO Staff, Technical Leads, QA Leads, QC Leads, BA Leads.</description>
     <ror:updatePeriod></ror:updatePeriod>
     <ror:sortOrder>2</ror:sortOrder>
     <ror:resourceOf>sitemap</ror:resourceOf>
</item>
<item>
     <link>http://www.stevbros.com/courses-and-certificates/effective-business-analysis-skills-course.html</link>
     <title>Effective Business Analysis Skills Course</title>
     <description>Duration: 3 days. Who should attend: Professionals interested in gaining basic knowledge of Business Analysis.</description>
     <ror:updatePeriod></ror:updatePeriod>
     <ror:sortOrder>2</ror:sortOrder>
     <ror:resourceOf>sitemap</ror:resourceOf>
</item>
<item>
     <link>http://www.stevbros.com/courses-and-certificates/agile-project-management-pmi-acp-exam-prep-course.html</link>
     <title>Agile Project Management &amp; PMI-ACP® Exam Prep Course</title>
     <description>Duration: 3 days. Who should attend: Project Managers, Team Leads, Scrum Masters, Program Managers, Product Owners, PMO Staff, Technical Leads, QA Leads, BA Leads.</description>
     <ror:updatePeriod></ror:updatePeriod>
     <ror:sortOrder>2</ror:sortOrder>
     <ror:resourceOf>sitemap</ror:resourceOf>
</item>
<item>
     <link>http://www.stevbros.com/payment/pmp-mock-tests-simulating-the-real-pmp-exam.html</link>
     <title>PMP® Mock Tests simulating the real PMP® exam (3-month account)</title>
     <description>PMP® Mock Tests simulating the real PMP® exam (3-month account)</description>
     <ror:updatePeriod></ror:updatePeriod>
     <ror:sortOrder>2</ror:sortOrder>
     <ror:resourceOf>sitemap</ror:resourceOf>
</item>
<item>
     <link>http://www.stevbros.com/payment/60-pdus-renew-pmp-certificate-after-every-3-years-lowest-price.html</link>
     <title>60 PDUs Renew PMP® Certificate after every 3 years lowest price (3-month account)</title>
     <description>60 PDUs Renew PMP® Certificate after every 3 years lowest price (3-month account)</description>
     <ror:updatePeriod></ror:updatePeriod>
     <ror:sortOrder>2</ror:sortOrder>
     <ror:resourceOf>sitemap</ror:resourceOf>
</item>
<item>
     <link>http://www.stevbros.com/project-management-training/games-of-project-cost-control-and-requirement-management.html</link>
     <title>Games of project cost control and requirement management</title>
     <description>Have you experienced project cost management and project cost changes during project execution? Stevbros invites you play a game of project cost control designed by Robc</description>
     <ror:updatePeriod></ror:updatePeriod>
     <ror:sortOrder>3</ror:sortOrder>
     <ror:resourceOf>sitemap</ror:resourceOf>
</item>
<item>
     <link>http://www.stevbros.com/project-management-training/the-up-to-date-figures-of-project-management.html</link>
     <title>Statistical  figures of project management</title>
     <description>The country with the highest median salary ($160,409 USD) is Switzerland, whereas the country with the lowest median salary is China ($23,207 USD).</description>
     <ror:updatePeriod></ror:updatePeriod>
     <ror:sortOrder>3</ror:sortOrder>
     <ror:resourceOf>sitemap</ror:resourceOf>
</item>
<item>
     <link>http://www.stevbros.com/popular-in-house-courses/</link>
     <title>Popular In-house Courses</title>
     <description>Popular In-house Courses</description>
     <ror:updatePeriod></ror:updatePeriod>
     <ror:sortOrder>3</ror:sortOrder>
     <ror:resourceOf>sitemap</ror:resourceOf>
</item>
</channel>
</rss>
  