<?xml version="1.0" encoding="utf-8"?>
<content>

<section name="configuration">
	<websiteURL></websiteURL>
	<redirectEnabled>falsee</redirectEnabled>
	<matrix></matrix>
</section>

<section name="slogans">
	<slogan enabled="true">
		<text>CREATIVE DESIGN</text>
	</slogan>
	<slogan enabled="true">
		<text>CREATIVE DESIGN OF ANY COMPLEXITY</text>
	</slogan>
	<slogan enabled="true">
		<text>APPLYING ULTRA-MODERN</text>
	</slogan>
	<slogan enabled="true">
		<text>TECHNOLOGIES</text>
	</slogan>
	<slogan enabled="true">
		<text>LET OUR EXPERTS DESIGN FOR YOU</text>
	</slogan>
	<slogan enabled="true">
		<text>WE DESIGN YOUR SUCCESS</text>
	</slogan>
	<slogan enabled="true">
		<text>OUR</text>
	</slogan>
	<slogan enabled="true">
		<text>IMAGINATION</text>
	</slogan>
	<slogan enabled="true">
		<text>HAS</text>
	</slogan>
	<slogan enabled="true">
		<text>NO LIMITS</text>
	</slogan>

	<slogan enabled="true">
		<text>YOU CAN TRUST US!</text>
	</slogan>
	
</section>

<section name="systemTexts">
<text>loading</text>

<text>SKIP INTRO</text>

<text></text>

<text>SOUND</text>

<text>REPLAY INTRO</text>

<text>Full</text>
</section>

</content>